{"cameraMode":{"drawMode":0,"name":"Shaded","section":"Shading Mode"},"sceneLighting":false,"audioPlay":false,"sceneViewState":{"showFog":true,"showMaterialUpdate":false,"showSkybox":false,"showFlares":true,"showImageEffects":true,"showParticleSystems":true},"in2DMode":false,"pivot":{"x":-0.0033265650272369386,"y":0.008327603340148926,"z":0.19533026218414308},"rotation":{"x":-0.06909293681383133,"y":0.8994773626327515,"z":-0.15422575175762177,"w":-0.4029768705368042},"size":0.9673224687576294,"orthographic":false}